{
    "metadata": {
        "fitness": 4239.997168392046,
        "timestamp": "2026-01-09 15:09:33"
    },
    "parameters": {
        "KP_BALANCE": 158.80490250864636,
        "KD_BALANCE": 6.110058228746343,
        "KP_FORWARD": 86.958037809435,
        "KD_FORWARD": 29.236523903476318,
        "KP_TURNING": 84.34197213849039,
        "KD_TURNING": 35.34909306202632,
        "IMPULSE_DURATION_SEC": 0.3643049974855681,
        "IMPULSE_MAGNITUDE": -0.5920995048599543,
        "TURNING_SPEED": 0.5001652489182592,
        "KP_RECOVERY": 788.5610199913933,
        "KD_RECOVERY": 70.61762734634357,
        "KP_POSITION": 0.10135140663883811,
        "TARGET_TILT": -0.07808122168101077,
        "RECOVERY_THRESHOLD": 0.0998939815887856,
        "LERP_ALPHA": 0.4736237078382515,
        "KI_BALANCE": 0.41374508278972943
    }
}